y,y_pred
12.24769911637256,12.323429
12.109016442313738,12.159887
12.317171167298682,12.390909
11.849404844423074,11.909437
12.429220196836383,12.526064
11.870606902224587,11.909437
12.634606283893019,12.71357
12.206077645517674,12.283634
11.774527900858468,11.798449
11.678448377988165,11.681171
11.771443882099637,11.828516
12.75130259456002,12.837637
11.87757552297847,11.909437
12.540761149388421,12.57966
11.964007453736912,12.033241
11.790564777297387,11.850253
11.91170829631447,11.966871
11.407576060361786,11.393391
11.976665770490767,12.053259
11.842236406331555,11.880169
12.692506186542177,12.781002
11.845109950883979,11.889671
12.345838935721968,12.39357
11.774527900858468,11.817795
11.944714374881176,12.008908
12.454107814022272,12.543288
11.811554895830454,11.864359
12.631343648903034,12.715645
12.242891437918386,12.261865
11.134603622683905,11.209824
10.596659732783579,10.599342
11.914054519303125,11.982754
12.100161978566867,12.132092
12.016732516077072,12.073099
12.533579815765737,12.6633
12.6410997921206,12.759739
11.884495917930655,11.945816
11.938199736300925,11.981658
11.599112335481124,11.669284
11.314486721293981,11.301087
11.982935344196433,12.025487
12.04355959836804,12.12244
11.87757552297847,11.909437
11.777218637129327,11.846297
11.856522261533737,11.905242
12.675766851909591,12.802846
12.387089184491993,12.487445
12.428019481065613,12.494003
11.635151947212842,11.702514
11.751950239425476,11.795324
12.083910661257521,12.137479
11.648338835562747,11.738179
11.608244735642321,11.696199
12.861001210669146,12.917484
11.775297421715827,11.8357935
12.103491596905931,12.124708
12.058158312538197,12.1066265
12.188422799337028,12.242639
12.991755706536901,13.0873165
11.735276702486741,11.80267
11.970356641102999,12.030288
11.522885696764481,11.601164
12.218500103788143,12.259179
11.849404844423074,11.856258
12.299112067295642,12.373884
12.666660207428574,12.75946
12.100717685412471,12.179329
12.328294703023394,12.384377
11.289794413577894,11.296567
12.323860125621126,12.393766
12.404927602627597,12.458668
11.771443882099637,11.829068
12.128116509451258,12.20792
11.88380602959621,11.909437
11.58432477200052,11.647446
11.418625774449596,11.491083
11.818577604251555,11.868649
11.751950239425476,11.807493
11.824087219587643,11.909437
11.608244735642321,11.6387825
12.173037959397275,12.2985325
11.941462360646149,12.037516
12.409017571151187,12.491156
11.748005492256807,11.804806
12.034696963475044,12.087074
12.468440756144114,12.536604
12.066816325306588,12.121794
12.010671928196443,12.105776
11.350418300109132,11.33016
11.724813914587886,11.818008
11.60733523953139,11.64193
11.498836682527127,11.533076
12.004574385508691,12.089685
11.804855999911272,11.853134
12.229549885708273,12.3084545
12.128116509451258,12.163151
12.273735966890268,12.343106
11.459007676978688,11.409364
11.326607934898927,11.342399
11.767187766223199,11.800402
12.230770136157428,12.274813
12.08954444723597,12.124966
11.68658461118553,11.750386
12.200562492481511,12.248852
12.040614105490253,12.099808
12.429220196836383,12.561886
11.51293546492023,11.553556
11.652696102959753,11.676117
11.652696102959753,11.706894
12.154784614286667,12.197576
11.827013315851762,11.909437
12.100717685412471,12.136355
12.85832230788469,12.930889
12.28765724080691,12.325653
12.466515835145202,12.484274
12.07824495582233,12.124203
11.842236406331555,11.905985
11.951186847493476,11.990892
12.676079399771027,12.737638
12.0075668272517,12.074699
12.100717685412471,12.179381
11.51293546492023,11.532642
11.820417517632333,11.909437
11.944064817531656,12.004603
12.10625783509458,12.211868
11.344518647594766,11.3356495
11.759793355371237,11.788095
11.373674891823535,11.392334
11.951186847493476,12.012867
11.918397239722838,11.999997
12.328294703023394,12.356966
12.404927602627597,12.44933
11.923384748066601,11.968955
12.301387370778713,12.333001
12.100717685412471,12.162241
12.066816325306588,12.130844
11.870606902224587,11.892196
12.049424683420915,12.142668
12.345838935721968,12.375807
12.352339472153524,12.393221
11.652696102959753,11.6927
12.468440756144114,12.537849
12.019749091416921,12.086417
12.225880174775122,12.321955
11.736077016252437,11.782556
11.775297421715827,11.826669
11.561725152903833,11.592947
12.312686874960354,12.348237
11.856522261533737,11.909437
11.652696102959753,11.707589
11.711784520403112,11.775246
12.827731880206521,12.96718
12.154784614286667,12.20475
12.367345048436391,12.385022
11.736077016252437,11.761797
11.277215789596893,11.318211
11.603688960617083,11.635752
12.504327379899443,12.586656
12.448630513463613,12.521549
12.676079399771027,12.78392
11.998439434579149,12.093956
12.929993908996359,13.011849
12.301387370778713,12.370796
11.544433821905134,11.588257
11.931642378754141,12.002022
11.755879486687116,11.801083
12.154784614286667,12.212309
12.693501691489768,12.799685
12.119975396053194,12.172325
12.337105293891872,12.386528
11.763691965388299,11.820583
12.278397958261774,12.345376
12.384223015005313,12.452557
12.001511614739405,12.070251
12.122696471358964,12.181998
12.400820837540556,12.43514
12.259618151783465,12.312765
12.058158312538197,12.09091
13.126032637428713,13.246451
11.51293546492023,11.579261
12.083910661257521,12.114992
12.206577518060588,12.255944
11.695255355062795,11.685673
12.206077645517674,12.277555
11.751950239425476,11.808915
13.07107218827772,13.256736
12.06105265381003,12.121506
11.813037464800539,11.909437
11.940399914116648,11.9757805
12.563750586299374,12.661618
12.660331092405906,12.703543
12.122696471358964,12.2185
12.165255859329688,12.221264
11.775297421715827,11.847963
11.751950239425476,11.770782
11.908346971208951,11.949945
12.650351332641707,12.764757
12.367345048436391,12.465305
11.552155793461898,11.606208
12.524166311833152,12.618502
11.849404844423074,11.906824
12.052344376474922,12.124945
11.626263078808801,11.686922
11.91170829631447,11.963415
11.608244735642321,11.662589
12.103491596905931,12.14647
11.87688084212164,11.909437
11.856522261533737,11.909437
12.531776395271262,12.579048
11.884495917930655,11.909437
11.49273296168228,11.498159
12.133507329024972,12.203278
12.439875187430008,12.523594
11.957617696467539,12.003769
11.993813394724253,12.039691
11.808955099378537,11.841106
12.25486757159303,12.330098
11.580593459194764,11.656019
12.649157827477366,12.694632
12.027191164883384,12.093311
12.230282214644559,12.300046
12.206077645517674,12.282788
12.100161978566867,12.181924
11.48247656671073,11.520796
12.864242696187505,12.9771
11.626263078808801,11.666899
12.577639650232573,12.680398
11.571203807011969,11.63268
11.736077016252437,11.792927
12.167856627501678,12.224985
11.904974309480183,11.96734
12.90669432231532,12.986002
11.456365695436427,11.495676
11.761354623750297,11.807827
12.285350445351659,12.338546
11.402005077384885,11.431236
12.130815551850676,12.249657
12.178192583415596,12.179404
12.669809806411457,12.77124
11.635151947212842,11.702457
12.47801017053037,12.573196
11.612779849672751,11.674542
11.277215789596893,11.322613
11.695255355062795,11.738599
12.230770136157428,12.3012295
12.394628892852941,12.452377
11.827743504053695,11.909437
11.849404844423074,11.890718
12.100717685412471,12.15987
12.531776395271262,12.555443
11.245059091624615,11.265432
12.367345048436391,12.460928
12.06105265381003,12.133379
11.970356641102999,12.041477
11.884495917930655,11.923281
12.345838935721968,12.372002
12.242891437918386,12.313322
12.301387370778713,12.37669
12.352339472153524,12.380835
11.48247656671073,11.524603
12.07824495582233,12.136692
12.52815976788113,12.630941
11.92504173829169,11.988898
11.775297421715827,11.801657
11.19822841866684,11.275047
12.075400019877522,12.126511
12.128116509451258,12.171209
12.097936057925594,12.141926
11.699413330633599,11.76296
11.904974309480183,11.909437
12.491255347155265,12.577642
12.394628892852941,12.456045
12.577639650232573,12.6341715
11.842236406331555,11.909437
11.732069026983156,11.753492
12.230770136157428,12.329607
12.211065162153215,12.272474
11.856522261533737,11.896397
12.936754021718041,13.074895
12.165255859329688,12.196255
12.339295865674435,12.376205
12.128116509451258,12.142843
12.242891437918386,12.3427305
12.407383590534293,12.475127
12.09626335986454,12.1166115
12.011886987792716,12.097605
11.976665770490767,12.041418
11.385103457032141,11.378387
11.711784520403112,11.760768
11.941950837487406,11.989951
12.359784657728284,12.457266
11.819681958463892,11.866554
11.782960235741939,11.818342
12.367345048436391,12.403072
12.025755079404917,12.094641
11.86710429621008,11.909437
11.931642378754141,11.986574
12.384223015005313,12.461678
12.07254696717504,12.180239
11.973516181427835,12.024469
11.964007453736912,12.011546
12.495007682693725,12.594552
12.230770136157428,12.275284
11.917730355182513,11.972888
12.59473402514672,12.688057
12.631016799175821,12.731065
12.323860125621126,12.36294
11.402005077384885,11.405941
11.320565693461432,11.359358
12.793862088206213,12.899191
12.017336559562407,12.084514
11.790564777297387,11.874555
11.694421681264394,11.73696
12.834683971615659,12.861267
12.08954444723597,12.10459
12.146858590895919,12.208693
12.468440756144114,12.525841
12.506180941677357,12.595793
12.468440756144114,12.538075
12.141539457711714,12.172201
12.74444728628135,12.829763
12.777055016970678,12.889136
12.614868865984631,12.622925
11.745433036677353,11.81225
12.396697137361691,12.436938
11.373674891823535,11.37845
12.688501881189456,12.746641
11.886218559372042,11.909437
12.276069679344003,12.326826
11.264476926102367,11.301285
11.686887175419702,11.751583
11.842236406331555,11.909437
12.556733038263905,12.6535015
12.240478903153711,12.287598
12.165255859329688,12.213147
12.34126328584159,12.41523
12.841132451487937,12.953706
12.273735966890268,12.349808
12.218500103788143,12.282137
11.951186847493476,12.029684
12.220473454337986,12.272859
11.314486721293981,11.331055
11.37940550085183,11.395235
12.491255347155265,12.605
11.350418300109132,11.36334
11.850832386224807,11.892445
11.928347504569842,11.909437
11.967187086434018,12.03532
11.944714374881176,11.992418
12.988043102265232,13.08239
12.670001611311875,12.758367
12.154784614286667,12.262144
11.461642696843066,11.536423
11.570259974415547,11.599611
11.849404844423074,11.909437
12.086731521684555,12.129838
12.06105265381003,12.116701
11.80560254159177,11.861038
11.775297421715827,11.813811
12.54254845357358,12.662709
11.957617696467539,12.000576
11.884495917930655,11.909437
12.198549416880068,12.244448
11.678448377988165,11.757977
12.154784614286667,12.226805
11.898194668458823,11.946616
11.976665770490767,12.05098
12.013706813470414,12.08225
11.790564777297387,11.838455
11.995357787034976,12.041062
12.057578437658945,12.121763
11.808821212646512,11.8186655
11.736077016252437,11.791351
11.719947764402807,11.757265
12.299112067295642,12.373657
11.0186455364637,11.12556
11.904974309480183,11.949341
12.73670383776449,12.762132
12.885204569609956,13.010948
12.095146671399466,12.13561
11.751950239425476,11.805851
12.142871895843887,12.198863
12.271396795480596,12.335476
11.23850177707664,11.2695055
12.388398368982115,12.44892
12.165255859329688,12.226606
11.302216779257382,11.305563
11.736077016252437,11.795278
12.160033942617156,12.231722
12.962196972666593,13.096624
11.686887175419702,11.733524
12.278397958261774,12.31273
11.575909653758895,11.602751
11.51293546492023,11.55555
11.599112335481124,11.614788
11.767575435251748,11.830011
11.719947764402807,11.762877
12.040614105490253,12.118475
11.112462823634855,11.181874
12.392556361841777,12.450777
12.411056299528171,12.4456215
12.013646205940514,12.0832405
11.58989576532275,11.636126
12.460718739865236,12.560337
12.031725210748633,12.092588
11.918397239722838,11.965954
11.652696102959753,11.678169
12.083910661257521,12.152695
12.54254845357358,12.63485
12.73596827534975,12.843166
11.002116507732017,10.959845
11.884495917930655,11.909437
12.310437165348775,12.364721
11.652696102959753,11.703791
12.337105293891872,12.386269
12.106997888588934,12.164714
11.915058360753719,11.975324
12.384223015005313,12.44771
11.744045122410057,11.831897
11.863589378812122,11.902144
12.237091546357338,12.265259
12.278397958261774,12.346739
11.635151947212842,11.570751
12.660331092405906,12.759066
11.842236406331555,11.909437
11.813037464800539,11.909437
12.524530013005734,12.563865
11.599185726610004,11.678787
12.182809136284991,12.246775
12.07254696717504,12.115498
11.355113089309977,11.428004
11.288543647320601,11.314616
11.715874472198905,11.784051
12.10625783509458,12.139784
11.302216779257382,11.318443
12.264346270624157,12.318665
11.661354090741,11.71446
11.686887175419702,11.688799
11.411457364027745,11.4382105
11.608244735642321,11.643169
13.22672519452875,13.341142
11.678448377988165,11.760418
12.000897933306716,12.07622
12.058158312538197,12.1369
12.25486757159303,12.332743
11.755879486687116,11.820301
12.154784614286667,12.205027
12.20557752297723,12.253565
11.691080018519527,11.779826
11.695255355062795,11.769009
11.608244735642321,11.657456
12.54254845357358,12.589732
12.225880174775122,12.279804
12.25486757159303,12.346898
12.144202560946876,12.177759
12.075400019877522,12.121754
11.49273296168228,11.578011
12.45293662970407,12.544378
11.989165855127435,12.035999
11.608244735642321,11.680357
12.481565733211923,12.564085
11.951186847493476,12.043967
11.04106411122238,11.036282
12.147919030759663,12.200748
11.728044909070785,11.760353
12.093693109638318,12.125019
12.025755079404917,12.06139
11.89478753335453,11.970969
12.429220196836383,12.487486
12.138869243416009,12.177881
12.264346270624157,12.313533
12.154784614286667,12.206013
11.904974309480183,11.909437
12.994532278619134,13.076445
12.433212202169729,12.513268
11.794345471549745,11.845224
12.249615734512616,12.294666
12.847929163278053,12.952669
12.601490784782536,12.692667
11.401681006153428,11.402273
12.694655727828803,12.76236
12.832013750189885,12.929481
11.951186847493476,12.028582
12.00762780434872,12.057503
11.794345471549745,11.840759
11.898194668458823,11.951943
11.957617696467539,12.026046
12.07254696717504,12.122755
11.982935344196433,12.060374
11.362114203075018,11.37663
11.652696102959753,11.704227
11.798111925972618,11.885414
12.059809113551397,12.103718
11.951186847493476,12.019306
11.421917019425596,11.48312
10.460270761075149,10.521488
12.971542813248437,13.064023
12.122696471358964,12.183863
11.775297421715827,11.81893
11.695255355062795,11.740262
11.635151947212842,11.656046
12.331387247601905,12.41732
11.849404844423074,11.892705
12.574185427296195,12.595585
11.898194668458823,11.928479
11.732069026983156,11.779249
12.278397958261774,12.331501
12.246739428005663,12.349691
11.989165855127435,12.037875
11.732069026983156,11.810593
12.013100572810686,12.03607
12.2193145828011,12.24088
11.774527900858468,11.8453045
11.80560254159177,11.909437
11.477308649967686,11.523083
12.90634935052389,13.005709
11.970356641102999,12.06383
12.487488878546145,12.558791
12.259618151783465,12.3158455
12.36308066783498,12.450359
11.573559498507079,11.604936
11.918397239722838,11.955328
11.976665770490767,12.0713825
12.662709207270272,12.724044
12.07824495582233,12.12167
11.790564777297387,11.856632
13.008661502470739,13.120537
11.362114203075018,11.356268
12.209192772866418,12.258508
12.07254696717504,12.129512
11.759793355371237,11.815518
11.58525542883217,11.568852
10.579005242826247,10.582393
12.08954444723597,12.122467
11.58525542883217,11.662156
12.144202560946876,12.216762
11.619544188752133,11.632064
11.970356641102999,12.024182
12.513561021741964,12.594945
12.660331092405906,12.75901
12.421188057397055,12.516024
12.270225154674701,12.316328
11.798111925972618,11.850327
12.098854850641,12.15473
12.34148164933907,12.395639
12.25486757159303,12.28465
11.771443882099637,11.838421
11.736077016252437,11.760263
12.479913113434042,12.564205
11.849404844423074,11.909437
11.630717389475995,11.704011
12.450981602512561,12.545226
11.58989576532275,11.593584
12.556733038263905,12.66987
11.635151947212842,11.690783
11.856522261533737,11.909437
11.58989576532275,11.615858
12.07254696717504,12.126101
12.36308066783498,12.414368
11.707677772181546,11.784324
12.04355959836804,12.124042
11.58989576532275,11.627047
12.128116509451258,12.165893
12.498745990829315,12.589523
11.759793355371237,11.825613
12.691583538230217,12.778971
12.273735966890268,12.334934
12.665397584983758,12.751577
11.820123358887447,11.867263
11.867805799560465,11.931057
11.695255355062795,11.73526
12.32163544049751,12.468048
12.04355959836804,12.118885
11.842236406331555,11.909437
11.682676678340282,11.726902
11.884495917930655,11.909437
12.010671928196443,12.02611
11.891368749982085,11.980011
11.78676973513378,11.853033
12.111217862017215,12.150389
12.442306148381938,12.488245
11.682676678340282,11.65021
12.691583538230217,12.7512
11.798111925972618,11.835474
12.820990681250251,12.938333
11.775297421715827,11.829411
11.827743504053695,11.879075
11.870606902224587,11.911154
11.283524879179666,11.311779
12.132969552931216,12.17724
13.02132904585825,13.099202
11.835016210489899,11.909437
11.849404844423074,11.907074
11.608244735642321,11.620127
12.672949516558306,12.761688
11.648373769145277,11.706503
12.176654133447505,12.232197
12.289958727201455,12.298171
11.92504173829169,11.963921
12.524530013005734,12.626735
11.856522261533737,11.909437
12.301387370778713,12.378094
11.92504173829169,12.009068
12.30592250537653,12.35231
12.230770136157428,12.2789955
11.931642378754141,11.955012
12.323860125621126,12.352848
12.791358964949923,12.80393
11.682676678340282,11.710392
12.653961664405365,12.762556
11.904974309480183,11.909437
12.474193386571581,12.573092
11.898194668458823,11.909437
11.231901180182515,11.275242
11.83138646878959,11.909437
12.118339189722553,12.155088
11.566475710526321,11.583412
12.659737267217572,12.79965
12.628070334272698,12.71542
11.112462823634855,11.031899
12.388398368982115,12.440816
11.813037464800539,11.85865
12.034696963475044,12.079264
12.014615485902027,12.072843
11.982935344196433,12.035649
11.848690308590857,11.910653
11.938199736300925,12.054102
11.813037464800539,11.84423
12.034696963475044,12.112691
11.728044909070785,11.740757
12.252483791602627,12.311793
11.320565693461432,11.380689
11.845109950883979,11.906917
11.87757552297847,11.909437
12.206077645517674,12.251072
11.002116507732017,10.8987255
11.440365524765756,11.541313
11.350418300109132,11.382788
12.485830907348902,12.534208
12.520887034998584,12.582758
12.328294703023394,12.375332
12.75130259456002,12.878037
11.931642378754141,11.956739
12.823631142839984,12.916697
11.872353615355413,11.909437
11.495789479023493,11.522517
11.951186847493476,11.909437
11.951186847493476,12.02311
11.344518647594766,11.341092
12.235393555399902,12.304188
11.58989576532275,11.639476
12.160033942617156,12.209
11.813037464800539,11.909437
12.765691290604371,12.885775
11.385103457032141,11.379905
11.8879382384223,11.909437
11.91170829631447,11.909437
11.487617913343598,11.527052
12.025755079404917,12.092137
12.19552218463499,12.250124
12.904209855160254,12.997175
11.608244735642321,11.677265
11.83138646878959,11.879456
12.955129822091815,13.087356
12.348010479804223,12.398602
11.767575435251748,11.909437
12.173037959397275,12.22404
12.031725210748633,12.096358
11.83138646878959,11.909437
12.063938642041201,12.113337
11.548302261270587,11.571283
12.013706813470414,12.098109
12.458778882573533,12.523493
11.849404844423074,11.909437
11.908346971208951,11.951358
11.373674891823535,11.413867
11.603688960617083,11.681328
12.827995001361906,12.944892
11.763691965388299,11.828631
11.870606902224587,11.909437
11.979391594635791,12.029993
12.06105265381003,12.133568
12.560247968016562,12.64159
12.30592250537653,12.382347
12.242891437918386,12.270132
12.336556900342153,12.413979
11.910365121788654,11.960684
12.879019669789754,13.066088
12.179220327453931,12.223055
11.856522261533737,11.909437
12.721888795877375,12.792142
11.59433032142082,11.62717
11.860062063178267,11.909437
12.07824495582233,12.128037
11.39640288460621,11.441553
11.724004532183379,11.768034
11.83863282480007,11.881515
12.185875040240456,12.234993
12.652362948153474,12.767135
11.849404844423074,11.901819
12.799178471909892,12.884926
11.849404844423074,11.909437
12.269052139516223,12.348457
10.915106645867503,10.831241
12.618185607609803,12.679092
12.445093483000798,12.557675
12.09815887308463,12.200872
11.60733523953139,11.622417
10.859018228147887,10.892846
11.54031687156214,11.6085005
12.149507585033072,12.225909
11.767575435251748,11.815071
11.779136168550774,11.850953
12.013706813470414,12.061429
11.979805470779858,12.065949
11.964007453736912,12.045671
12.739640688812674,12.81886
11.763691965388299,11.802807
12.524530013005734,12.566217
11.870606902224587,11.909437
11.732069026983156,11.795658
11.813037464800539,11.909437
12.676079399771027,12.731651
11.699413330633599,11.696296
12.310437165348775,12.342218
12.178192583415596,12.301103
11.608244735642321,11.674335
11.542493975902508,11.547624
12.373707715234994,12.432896
12.141539457711714,12.189077
12.312686874960354,12.38084
11.786008995353765,11.842361
11.58989576532275,11.593181
12.001511614739405,12.039614
11.445727410406752,11.470897
12.3879816172226,12.419254
12.095146671399466,12.106117
12.154784614286667,12.216183
11.790564777297387,11.878286
11.863589378812122,11.909437
12.095146671399466,12.129941
12.07254696717504,12.125143
12.100717685412471,12.14487
12.61087420020211,12.684732
12.371591321286905,12.433817
12.491176396967154,12.543274
12.469978029554953,12.53604
11.49273296168228,11.491815
11.477308649967686,11.496662
11.995357787034976,12.052304
12.28765724080691,12.349132
12.526346537332584,12.592225
11.957617696467539,12.0196495
12.058158312538197,12.107803
12.264346270624157,12.316625
11.97603664577121,12.009048
12.097378802727306,12.115976
12.577639650232573,12.649838
11.755879486687116,11.781132
11.51293546492023,11.52768
12.279327754099118,12.291519
12.727841176689147,12.827055
12.506180941677357,12.550495
12.484208043148733,12.57914
12.188422799337028,12.254745
11.982935344196433,12.040092
12.28690580994122,12.362608
13.195615697878253,13.313052
11.812296455066814,11.855571
11.532737896139919,11.590927
11.580593459194764,11.67172
11.648338835562747,11.658974
12.886643575525625,12.951288
11.995357787034976,12.051724
12.308182383129823,12.396159
11.86710429621008,11.909437
11.87757552297847,11.909437
11.813037464800539,11.903924
12.07824495582233,12.122713
12.077676615757813,12.101208
12.139403856983334,12.167322
12.016732516077072,12.068382
11.759793355371237,11.837265
11.992266613576142,12.04576
11.842236406331555,11.909437
12.358798024384122,12.441179
11.588969419043872,11.621525
12.141539457711714,12.180575
11.984184555794167,12.051971
11.896833207128452,11.938447
12.505402864156405,12.58243
12.323860125621126,12.398332
12.178192583415596,12.241268
12.049424683420915,12.087002
11.874097282798648,11.909437
11.608244735642321,11.611931
13.091906231773164,13.192068
12.07254696717504,12.123766
12.206077645517674,12.253865
11.60733523953139,11.658885
12.149507585033072,12.20723
13.275829251377,13.40258
11.678448377988165,11.715321
12.335700805443338,12.428845
11.816734299348461,11.870601
12.317171167298682,12.364155
11.982622797311857,12.045492
11.571203807011969,11.690765
12.10625783509458,12.177813
11.881041706925902,11.909567
10.932999821119937,10.88897
11.969723533345908,12.008093
11.661354090741,11.662965
12.323415584358154,12.401928
11.827743504053695,11.875623
12.509877789891931,12.585496
11.951186847493476,12.038738
12.319405795112926,12.390844
12.117246896289503,12.159666
11.440365524765756,11.448772
12.323860125621126,12.403006
11.845827048676645,11.909437
12.357079818283598,12.417721
12.861001210669146,12.966584
11.603688960617083,11.640384
12.149507585033072,12.23073
12.128116509451258,12.150122
11.900912042974875,11.9639225
12.019749091416921,12.107413
11.92504173829169,11.962761
12.37581963951765,12.433765
12.025755079404917,12.0528555
11.849047640327147,11.893633
11.759793355371237,11.825024
11.941462360646149,12.018306
11.51293546492023,11.554424
11.87757552297847,11.914373
11.779136168550774,11.829273
11.849404844423074,11.925717
11.967187086434018,11.9850855
12.071975378543236,12.092543
11.856522261533737,11.909437
11.944064817531656,12.012511
12.049424683420915,12.095551
12.269052139516223,12.317156
11.80186424743109,11.855423
12.388398368982115,12.487614
12.138869243416009,12.192703
11.78676973513378,11.865449
12.278397958261774,12.379004
12.00762780434872,12.081183
11.970356641102999,12.032265
12.04355959836804,12.11806
11.751950239425476,11.825987
11.898194668458823,11.941444
12.066816325306588,12.123532
11.931642378754141,11.992181
12.429220196836383,12.473417
12.154521423145216,12.203081
11.78676973513378,11.825794
11.931642378754141,11.971983
11.794345471549745,11.845641
12.43153750053306,12.505644
11.908346971208951,11.954947
12.424810506025395,12.490881
11.767575435251748,11.823136
12.037659911047468,12.137858
12.371591321286905,12.43059
11.603688960617083,11.663877
12.208574513247495,12.240229
11.661354090741,11.700016
11.798111925972618,11.870786
11.104972264124868,11.034485
12.623064399210183,12.716395
11.792456911128632,11.859081
12.765691290604371,12.859325
11.904974309480183,11.909437
11.824087219587643,11.909437
11.964007453736912,12.013217
12.141539457711714,12.181679
12.08954444723597,12.133289
11.682676678340282,11.735575
11.51293546492023,11.527128
12.70351207261035,12.844599
11.884495917930655,11.893604
11.816734299348461,11.892155
12.498745990829315,12.552689
11.915058360753719,11.996151
11.719134432217524,11.764076
12.058158312538197,12.12985
11.947955847790901,11.924151
12.013706813470414,12.066488
11.685693195625964,11.743636
11.849404844423074,11.909437
11.575909653758895,11.65861
11.870278179170796,11.909437
13.323928581764989,13.446733
11.813037464800539,11.859793
11.608244735642321,11.636566
11.938199736300925,11.985017
12.100717685412471,12.173339
12.388398368982115,12.443719
11.74006900564972,11.777015
11.759793355371237,11.786556
12.449022745701502,12.51949
12.429220196836383,12.435726
11.782960235741939,11.808081
12.066816325306588,12.124806
11.946660519211651,12.021911
11.874097282798648,11.909437
11.385103457032141,11.401691
11.884495917930655,11.909437
12.065280672855897,12.101488
11.225256725762893,11.280411
10.471978128496518,10.530734
11.813037464800539,11.871699
12.380030154325457,12.437348
12.081081821061819,12.104739
12.211065162153215,12.2680645
11.890683588496984,11.909437
12.043500773454495,12.12224
12.170450649220749,12.20196
12.242891437918386,12.262939
12.07254696717504,12.126839
12.560247968016562,12.663164
12.07824495582233,12.123667
12.373707715234994,12.43907
12.310437165348775,12.3762
12.211065162153215,12.278186
11.674202123168433,11.715069
12.676079399771027,12.785388
12.154784614286667,12.240478
11.288543647320601,11.327044
12.127575825689417,12.169384
12.441148720271016,12.504189
12.387560521575551,12.452194
12.406565597924235,12.466471
11.924379271639218,12.00849
12.273735966890268,12.345949
11.918397239722838,11.909437
11.870606902224587,11.886139
11.83138646878959,11.918917
11.735276702486741,11.790314
11.870606902224587,11.909437
12.506180941677357,12.605569
12.167856627501678,12.206358
12.193498926601634,12.2242775
11.767575435251748,11.829224
11.694421681264394,11.736558
11.804855999911272,11.865309
12.055255569732177,12.12883
11.755879486687116,11.860624
11.884495917930655,11.909437
11.728044909070785,11.707706
11.790564777297387,11.843425
12.128116509451258,12.167175
11.951186847493476,12.02031
11.665655135642039,11.712199
12.513561021741964,12.565117
11.951186847493476,11.998195
12.384223015005313,12.446828
12.277932735946903,12.319281
12.094587859196112,12.16975
11.982935344196433,12.02715
11.813037464800539,11.8697605
10.542732775946709,10.536232
11.849404844423074,11.909437
11.813037464800539,11.870674
12.06105265381003,12.124212
11.507922973347437,11.529475
12.111767460549332,12.157087
12.02874460037869,12.0550165
12.013706813470414,12.084082
11.356283350762888,11.371447
12.20557752297723,12.250963
11.608244735642321,11.619215
11.842236406331555,11.898289
12.091789104493502,12.117673
12.724869415131389,12.813749
11.982278882874377,12.053597
12.45254592991672,12.498739
11.744045122410057,11.749735
11.736077016252437,11.798223
11.669937760751914,11.728798
12.887129532148373,13.013954
12.180759965737863,12.232387
12.190964083849375,12.254625
12.759960632315702,12.829239
12.031725210748633,12.098075
12.138869243416009,12.173613
12.066241450757124,12.120724
12.729323752253295,12.829397
11.7085004721646,11.778465
11.824087219587643,11.862649
12.128116509451258,12.1820345
11.418625774449596,11.41844
12.235636302128867,12.307488
11.314486721293981,11.339838
11.362114203075018,11.363846
12.354496960983985,12.42062
11.827049837927534,11.893727
12.10625783509458,12.135611
11.917730355182513,11.981976
12.004574385508691,12.06848
11.385103457032141,11.391941
12.388398368982115,12.433653
11.532737896139919,11.53467
11.813037464800539,11.866776
11.51293546492023,11.49966
12.013706813470414,12.0823345
11.350418300109132,11.3532505
11.688566422839942,11.748213
12.33270970174018,12.375598
12.220966184120165,12.248911
12.141539457711714,12.191297
11.982935344196433,12.03531
12.271349956195543,12.328195
12.07824495582233,12.118115
12.175618592671356,12.250415
11.373674891823535,11.408351
12.160033942617156,12.17489
12.567240979056246,12.607977
11.630717389475995,11.682451
12.02874460037869,12.119388
12.588194064175278,12.710253
11.561725152903833,11.610474
11.678448377988165,11.757854
11.982935344196433,12.010532
12.190964083849375,12.241392
12.644330802262578,12.710764
12.345838935721968,12.423235
11.693169865968983,11.739447
11.338583982516495,11.338308
12.66191713053049,12.814846
12.567240979056246,12.613821
11.48247656671073,11.480495
11.289794413577894,11.3218155
11.951186847493476,11.996558
12.06105265381003,12.095298
12.185875040240456,12.2277975
12.47717172708952,12.562167
12.535379989788607,12.564365
11.846543632608535,11.874285
13.229569788348705,13.314979
11.884495917930655,11.909437
11.652696102959753,11.674624
11.349241150793087,11.354512
12.080996832096167,12.170275
12.206782393599413,12.268402
12.013706813470414,12.055898
11.881041706925902,11.909437
12.449022745701502,12.487307
12.100717685412471,12.140593
12.13270055639427,12.2176285
12.421188057397055,12.507882
12.721888795877375,12.825895
12.301387370778713,12.315901
12.271396795480596,12.336176
11.302216779257382,11.338124
11.407576060361786,11.505783
11.612779849672751,11.6434765
11.944714374881176,12.025373
12.700771936142122,12.750252
12.08954444723597,12.132995
12.031129798974042,12.113894
11.927687224983487,11.988938
11.813037464800539,11.86393
11.813037464800539,11.852255
11.944714374881176,11.989857
11.424105180165641,11.472497
11.979805470779858,12.0485935
12.175618592671356,12.238855
12.299112067295642,12.355565
12.04355959836804,12.083996
11.840796531639839,11.871215
11.956976469393481,12.013321
11.744045122410057,11.846889
11.884495917930655,11.955613
11.798111925972618,11.847866
12.165255859329688,12.2075615
11.982935344196433,12.033457
12.141539457711714,12.2043
11.898194668458823,11.909437
11.332613886815139,11.353178
12.437188334739655,12.510919
11.83138646878959,11.843835
12.190964083849375,12.240836
11.439289689006644,11.472585
11.982935344196433,12.048454
11.824087219587643,11.875104
11.891368749982085,11.909437
11.767575435251748,11.833803
12.080696479888447,12.15843
11.751950239425476,11.817037
12.04355959836804,12.098246
11.759793355371237,11.819329
11.964007453736912,11.994093
11.002116507732017,10.964836
11.691080018519527,11.737408
11.813037464800539,11.858207
11.979805470779858,12.027542
11.571203807011969,11.592146
12.691583538230217,12.780737
12.100161978566867,12.150871
12.52352951631214,12.58477
12.10625783509458,12.174631
12.54254845357358,12.624497
12.144202560946876,12.194344
12.230770136157428,12.283608
11.774527900858468,11.820525
11.80932691294063,11.841036
11.669937760751914,11.714879
12.669809806411457,12.767727
12.123239799036943,12.170794
11.775297421715827,11.814831
11.849404844423074,11.909437
11.803361242493628,11.852562
11.681832447342321,11.739763
12.268582547911404,12.368275
11.626263078808801,11.639078
11.678448377988165,11.736654
12.007017865994577,12.10009
11.652696102959753,11.701127
12.066816325306588,12.09347
12.464587201678082,12.55212
12.278397958261774,12.369627
11.849404844423074,11.909437
11.813037464800539,11.859742
11.445727410406752,11.43058
11.674202123168433,11.728638
12.386312871189734,12.441639
12.037659911047468,12.094831
11.532737896139919,11.532891
11.686887175419702,11.746832
11.451060699493427,11.48516
12.185875040240456,12.234273
11.87757552297847,11.909437
11.842236406331555,11.909437
12.193498926601634,12.257501
12.959540872420414,13.0436125
11.289794413577894,11.337937
11.289794413577894,11.281227
11.91170829631447,11.941261
12.100717685412471,12.136623
12.069685751267224,12.101721
11.669082701743504,11.732543
11.870606902224587,11.909437
11.728044909070785,11.7850895
11.917730355182513,11.999089
12.345838935721968,12.433054
11.699413330633599,11.761459
12.215037342290755,12.284046
12.292254928916668,12.336769
12.100161978566867,12.131615
12.345838935721968,12.403526
12.367889578686164,12.44409
12.128116509451258,12.172339
11.891368749982085,11.953619
12.319405795112926,12.354292
11.767575435251748,11.824587
11.59873612138334,11.672627
12.175618592671356,12.212327
12.359527368950229,12.445529
12.41044511731981,12.483409
12.06105265381003,12.187171
12.367345048436391,12.371685
13.345508528717259,13.304821
12.049424683420915,12.257199
12.001511614739405,12.044412
12.05467400868968,12.10117
12.208574513247495,12.364164
12.384223015005313,12.458604
12.560247968016562,12.804226
11.691080018519527,11.858248
11.652696102959753,11.682796
11.950541482162043,11.936
11.440365524765756,11.38291
12.429220196836383,12.439813
12.880294363972055,12.726132
11.695255355062795,12.000484
12.137263685701864,12.214423
11.560772327227417,11.909437
11.461642696843066,11.691025
12.476103599529843,12.200302
12.180759965737863,12.173437
12.149507585033072,12.17016
12.031725210748633,11.981901
12.066816325306588,12.080932
11.736077016252437,11.786773
12.013706813470414,12.0344
11.970356641102999,11.9342785
12.07824495582233,12.132331
12.29779001527865,12.443285
11.87757552297847,11.819211
12.08954444723597,12.119248
11.904974309480183,11.905268
11.6617850286409,11.624347
12.19552218463499,12.238809
11.669937760751914,11.759699
12.269052139516223,12.236277
11.941462360646149,12.026616
12.513193308436527,12.536723
11.580593459194764,11.683207
12.206077645517674,12.345659
11.849404844423074,11.814044
12.577639650232573,12.835537
12.149507585033072,12.330292
12.00762780434872,12.391324
11.635151947212842,11.479893
11.884495917930655,11.845085
11.80932691294063,11.879018
11.736077016252437,11.754703
11.626263078808801,11.59601
12.343470927093518,12.565981
11.296024885689746,11.359516
11.424105180165641,11.342433
11.652696102959753,11.741706
11.80560254159177,11.828051
11.870606902224587,11.8954
11.834291315386718,11.821771
12.122696471358964,12.287467
11.884495917930655,11.909437
12.273735966890268,12.408832
11.898194668458823,11.881215
12.813920618864572,12.9967165
11.751950239425476,12.050577
12.154784614286667,11.963155
11.794345471549745,11.894173
11.530775206233024,11.526201
11.863589378812122,11.870076
11.775297421715827,11.852575
11.841423131921784,11.909437
12.075400019877522,12.001426
12.180759965737863,12.316895
11.86710429621008,11.867161
12.490879338036375,12.3874445
12.323415584358154,12.318104
12.42250975887691,12.630112
12.04355959836804,12.031625
13.049794835104816,13.03031
12.345838935721968,12.294563
12.08954444723597,12.186041
12.136191879981927,12.239294
12.042971193457888,11.979002
11.771443882099637,11.797344
11.686887175419702,11.793409
12.404927602627597,12.520185
12.053801032483948,12.144984
11.775297421715827,11.681386
12.591338447675579,12.636188
12.016128107502665,12.368626
11.755879486687116,11.781007
12.616528611893463,12.753229
11.511934974596555,11.4073925
12.154784614286667,12.266861
11.92504173829169,11.950491
12.10625783509458,12.223673
11.766799946849087,11.808977
11.992266613576142,12.063114
12.103491596905931,11.909437
12.10625783509458,11.914312
12.12215284831553,11.990456
11.711784520403112,11.747288
12.843973993864076,12.907097
12.850557278777309,12.952038
11.87757552297847,11.836016
12.468440756144114,12.214029
12.132162346145595,12.127
11.827743504053695,11.831114
12.083910661257521,12.099895
11.842236406331555,12.100954
11.827743504053695,12.057783
11.995357787034976,12.068127
12.19552218463499,12.217454
12.37581963951765,12.367376
11.133142723386813,10.998352
12.33270970174018,12.317119
12.100717685412471,12.0602665
11.921725007667265,12.046885
11.842236406331555,11.828249
12.037659911047468,12.17251
11.794345471549745,11.909437
11.870606902224587,11.998853
12.154784614286667,12.018877
12.535379989788607,12.562798
12.546113507028412,12.734049
12.103491596905931,11.977905
11.691080018519527,11.736412
11.58525542883217,11.8568325
12.000897933306716,12.231979
11.652696102959753,11.61952
11.83863282480007,11.87221
11.951186847493476,11.952789
11.849404844423074,12.002473
11.944714374881176,11.995319
12.323860125621126,12.33795
12.086731521684555,12.061674
12.577639650232573,12.714233
12.354496960983985,12.447492
11.775297421715827,11.909437
12.691583538230217,12.812929
12.218500103788143,12.238401
11.835016210489899,11.889494
11.898194668458823,11.982311
12.09626335986454,12.097471
12.721888795877375,12.633302
12.220966184120165,12.256143
12.618185607609803,12.860298
12.716405147731708,12.737133
11.686887175419702,11.866977
12.239995696974733,12.24882
12.596403811053621,12.672176
12.249615734512616,12.176407
12.524530013005734,12.506052
11.6172944892629,11.66865
11.960817678718287,11.957573
11.19135563385109,11.28641
12.154784614286667,12.528515
11.320565693461432,11.408348
11.898194668458823,12.661548
10.915106645867503,11.303892
11.277215789596893,11.573627
11.779136168550774,12.065456
12.45293662970407,12.522425
12.081081821061819,12.152683
12.33270970174018,12.556427
11.794345471549745,11.758423
11.51293546492023,11.686836
11.74006900564972,11.894446
11.736077016252437,11.670518
12.031129798974042,12.135067
11.813037464800539,11.977692
10.868587496017359,11.287782
12.206077645517674,12.366692
11.763691965388299,11.878153
11.719947764402807,11.745156
11.951186847493476,12.050325
12.339295865674435,12.38479
12.083910661257521,12.257296
11.95655945119582,12.180379
11.59451466851004,11.530011
12.47801017053037,12.330574
12.554840409959793,12.752639
12.278397958261774,12.386114
11.711784520403112,11.50599
12.206077645517674,12.298147
12.049424683420915,12.04125
11.812296455066814,11.772392
12.923914877701906,12.979404
12.367345048436391,12.391607
12.04355959836804,12.161299
11.608244735642321,11.752439
11.917730355182513,12.113888
12.086731521684555,12.11532
12.660331092405906,12.983316
12.149507585033072,12.269489
12.468440756144114,12.522881
11.560772327227417,11.818073
11.963574241653713,12.131532
11.878630514504515,11.917675
12.283038316285214,12.369496
12.170450649220749,12.234034
11.751950239425476,11.85683
11.87757552297847,11.906219
12.354496960983985,12.361102
11.561725152903833,11.395443
12.016732516077072,12.15593
12.521981322562505,12.458897
13.05301544288996,13.098541
12.429220196836383,12.553212
12.384223015005313,12.485116
11.418625774449596,11.52567
11.669937760751914,11.846422
11.326607934898927,11.569619
12.02874460037869,11.724293
10.97679912709094,11.156995
12.377927112974284,12.302271
11.964007453736912,12.067267
11.626263078808801,11.909437
11.561725152903833,11.695856
11.74006900564972,11.976517
12.429220196836383,12.585774
11.820417517632333,12.022411
12.84132849667433,12.742748
11.782960235741939,11.930918
12.367345048436391,12.383031
11.728044909070785,11.827143
11.719947764402807,11.871701
12.001511614739405,11.832249
12.415437707935368,12.40823
12.546871224308068,12.602831
11.982935344196433,11.87578
11.83138646878959,11.709682
11.835016210489899,11.974229
11.831022768939789,12.026245
11.695255355062795,11.669218
12.170450649220749,12.210167
12.174994689959313,12.310695
12.552930054797935,12.547518
11.561725152903833,11.656237
12.524530013005734,12.600606
11.798111925972618,11.909437
11.626263078808801,11.559185
11.74006900564972,11.70549
12.278397958261774,12.242306
12.345838935721968,12.369362
11.849404844423074,12.089266
11.407576060361786,11.441851
12.456835254920371,12.46117
12.240478903153711,12.228751
12.077676615757813,12.147415
11.715874472198905,11.876914
12.73670383776449,12.767313
11.728044909070785,11.908028
12.314931534737134,12.3169985
12.100161978566867,12.108242
11.755879486687116,11.8835335
11.824087219587643,11.874636
12.524420916542532,12.177815
11.87757552297847,11.86689
11.863589378812122,11.929927
12.509877789891931,12.566845
11.849404844423074,12.050459
11.686887175419702,11.659864
12.116700301832573,12.258959
12.165984756488543,12.307677
11.87583791515714,11.930061
11.07443600653965,11.71895
12.136191879981927,12.137072
11.982935344196433,11.970981
12.066816325306588,11.974104
11.699413330633599,11.73013
12.885673487343764,12.901363
11.916395250412128,11.904961
12.190964083849375,12.181796
12.160033942617156,12.377397
11.913719681428494,11.914946
12.644330802262578,12.874539
11.703554089007538,11.517134
12.098493002763465,12.191552
11.767575435251748,11.846468
11.969723533345908,12.035482
12.388398368982115,12.585283
11.626263078808801,11.73189
11.429554725537322,11.343981
11.820417517632333,11.881096
12.567554517655415,12.575383
11.884495917930655,11.887429
11.344518647594766,11.805519
12.128116509451258,12.152049
12.07254696717504,12.122753
12.25486757159303,12.268005
12.493133274926212,12.547834
11.864469267087891,11.990408
11.901590234400047,11.909437
